title,product_type,tags,body_html
"Mia Top, Ice Pinecones, Bamboo",top,"{""3/4 Sleeve"",333,50%,Bamboo,fw2020,fw2020report,""Long Sleeve"",sale,Sunny,""Teal Zone"",Teal/Turquoise,Top}","DescriptionFlattering whether worn loose or body-con. The Mia Top is made of stretchy Bamboo, and has two layers in the front for added structured. Bamboo is cool, so this double layer remains a comfortable option. A soft V-neckline suggests a vertical axis, and aligns with tapered shape down the body. T-shirt simplicity with a very shapely fit, the Mia a great choice for pairing with a variety of different pants and skirts.Features- Soft V-neckline- 3/4 length sleeves- Two layers in the front- Tapered shape down the bodyBlue Sky fit guide - true to size for a body-con fit, or go up one size for a slightly relaxed fit.Fabric - 95% Bamboo, 5% Lycra"
Ladybug Long Sleeve,tops,"{_tab1_free-people-sizing,_tab2_atb-free-people,_tab3_care-free-people,blouse,clothing,free-people,sale,tops,white}",Sweet corset-inspired long sleeve top featured in a textured stretch-knit fabrication with elastic neckline and ruffle trim detail.Button-down frontCropped silhouetteExaggerated yoking detailCare/ImportMachine Wash ColdMeasurements for size small Bust: 28 inLength: 16 inSleeve Length: 23 inContents41% Polyester1% Elastane58% Cotton
"Pearl Top, Secret Garden, Bamboo",top,"{20,Bamboo,Navy,sale,""Short Sleeve"",Sunny,Top,White}","Cross over top for all shapes. The dolman sleeve provides even more room in the upper body. Inside and outside ties; easy A-line over midsection and hip.Blue Sky fit guide - true to sizeFabric Content - 95% Bamboo, 5% Lycra"
CHROMA SLEEVELESS HOODIE,premium sleeveless hoodie,"{Nu,Psychedelic,""Sacred Geometry""}","Vibrant all over front, back &amp; hood design100% premium soft-spun polyResistant to wrinkles, shrinking, abrasion and mildewPrint will never fadeHandmade with love in North America, just for you!Ships out in 7 - 10 business days."
Rib Hacci Vagabond Tank,tops,"{_tab1_zsupply-sizing,_tab2_atb-zsupply,_tab3_care-zsupply,blouse,clothing,tops,white,zsupply}","We updated our popular Vagabond tank! The Rib Hacci Vagabond features the same great body as our traditional Vagabond, but this time in a stretch rib hacci knit fabric. This comfy tank has a flattering v-neckline, yoke back, and relaxed fit. With its soft feel and flattering fit, it is a style that you will want to have in every color.Rib Hacci: 53% Polyester, 43% Rayon, 4% Spandex"
BIG TRIPPIN HOODIE,premium hoodie,{},"Vibrant all over front &amp; back design100% premium soft-spun polyesterPrint will never fade, crack or wrinkleHandmade with love in North America, just for you!Ships out in 7 - 10 business days."
"Tessa Tee, White/Black Small Stripe, Bamboo",top,"{1019,Bamboo,basic,basic2022,regular,Stripe,Sunny,Top}","DescriptionThe Tessa offers easy wear with a touch of shaping, for a basic that flatters all. Fabric drapes gently, without pulling or catching around the hips and bottom. A shirt-tail hemline provides fluidity, ensuring a soft visual line. The Tessa Tee compliments trousers, capris and skirts of all cuts.Features- Scoop neck- Rounded hem- Slightly boxy cutBlue Sky fit guide - true to sizeFabric - 50% Bamboo 42% Modal 8% LycraSahara is 5'8"", and wears size XS. "
MICHAELANGELO PORTAL T,premium tee,"{Galaxy,Nu,Psychedelic,Space}","Vibrant all over front &amp; back design100% premium soft-spun polyesterPrint will never fade, crack or wrinkleHandmade with love in North America, just for you!Ships out in 7 - 10 business days."
Top - Dex Lace Trim Ruffle Top,womens top,"{15Mar22,1924031,dex,lace,""new arrival"",ruffle,top,trim,white,womens}",Dex lace trim ruffle top100% Cotton slub
Top - Jackson Rowe Cholla Henley,womens top,"{22Mar22,cholla,dollar,henley,jackson,""new arrival"",rowe,sand,top,womens}","Jackson Row Cholla henleyIs there anything more classic than a Henley Tee? There's something about this menswear-inspired piece that is so simple yet so timeless. This one is instantly elevated by a dropped shoulder and a cuffed short sleeve.It sits at the hips, making it perfect on its own or tucked into your favourite pair of high-waisted mom jeans. Comfortable and stylish, like we do.95% Lyocell, 5% ElastaneFit: CLASSIC — follows your contours with a little room. "
"Connie Tank, Violet, Bamboo",tank,"{10,Bamboo,Blue,Purple,sale,Tank}","The Connie camisole is multi-purpose: four-season, and 24-hour. The softness and natural moisture-wicking qualities of bamboo combined with a touch of Lycra allow the Connie to lie close to the skin, providing a silky feel and flattering cut. A mid-cut?neckline falls perfectly, not too high or too scooped. Fabric spaghetti straps are positioned slightly closer to mid-point, and armholes are slightly higher - meaning that straps never slide off the shoulder. (4A1)Wear as summer tank to stay cool, as winter under-layering.Blue Sky Fit - generousFabric - 95% Bamboo, 5% Lycra"
"Snowy Thermal, Sunstone",tops,"{_tab1_free-people-sizing,_tab2_atb-free-people,_tab3_care-free-people,blouse,clothing,free-people,groupbycolor,sale,tops}","An effortless essential from Free People's We The Free collection, this timeless thermal long sleeve is featured in an oversized, slouchy silhouette with exposed seaming for the perfect lived-in look.Rounded bottom hemWide scoop necklineSide slitsCare/ImportMachine Wash ColdMeasurements for size smallBust: 42 inLength: 30.5 inSleeve Length: 29.5 inContents21% Nylon31% Polyester48% Viscose"
Brooks Women's Eat. Sleep. Run. Repeat. Podium L/S Light Grey Heather,shirts,"{Shirts,Sportswear,Tops,Women's}","221093072Eat. Sleep. Run. Repeat. It's your mantra and way of life, now show it off to everyone with this technical run shirt from Brooks.Fabric100% polyesterMoisture-wicking fabricFlatlock seams"
BAD CANDY CROPTOP,croptop,"{Nu,Psychedelic,Space}","Vibrant all over front &amp; back design100% premium soft-spun polyesterPrint will never fade, crack or wrinkleHandmade with love in North America, just for you!Ships out in 7 - 10 business days."
Roxy Women's Essentials Long Sleeve Hooded UPF 50 Zipped Rashguard,hoodies,"{Hoodies,""Hoodies and Pullover"",Rashguard,Swim,Tops,Women}","Upgrade your surf gear with this hooded long sleeve rashguard of the Core Basics Collection. We use sustainable REPREVE™ fabric with elastane for an immense amount of stretch and flexibility. The front zip closure works to keep water out so you can comfortably shred.Highlights:Recycled Fabric: Printed REPREVE™ traceable, recycled polyester made from plastic bottlesFit: Classic, comfortable regular fitUV Protection: UPF 50 sun protectionFull zip-up closure on frontScreen print logo on sleeve and chest86% Recycled Polyester, 14% ElastaneThe model is 175cm/5'9"" tall and wears a size S in the photo"
RICK GREEN HOODIE,premium hoodie,"{Funny,Galaxy,Nu,Psychedelic,Space}","Vibrant all over front &amp; back design100% premium soft-spun polyesterPrint will never fade, crack or wrinkleHandmade with love in North America, just for you!Ships out in 7 - 10 business days."
Everly Blouse,tops,"{_tab1_kivari-sizing,_tab2_atb-kivari,_tab3_care-kivari,blouse,blush,clothing,kivari,tops,white}","Introducing Everly, designed with soft citrus-toned romantic florals on a fresh white base. Bursting with bohemian charm, the Everly Blouse is crafted from 100% cotton voile. Featuring a high neck, ruffle sleeves, delicate lace trims and pin tucking through the front and back yokes. Style with the Everly Shorts for a matching ensemble.Fits true to sizeButton-through front 100% Cotton VoileModel wears a size 8 and is 178cm tall"
Outline Face Print Popover Shirt - NEW ARRIVAL,top,"{""CHARLIE B"",Cotton,S22,TOP}","STYLE # C4188W - 03/0979Pull on this light and airy blouse for instant style and comfort this spring and summer season. With its relaxed fit and long sleeves that you can roll up, this blouse is a perfect top for unpredictable weather. Dress it up with a nice pair of pants, or casually wear it with jeans. Half-button blouseLong roll-up sleevesMao collarFront pocketComposition: 80% Cotton and 20% Modal"
Women's Go Higher Tri-blend T Shirt - Canyon Rose,t-shirt,{clothing},"Women's Go Higher 2021 T ShirtColour: Canyon RoseLightweight and super soft, this women's t-shirt offers a comfortable and casual fit perfect for on the go.  Part of our relaxed collection this go to basic features a crew neck and short sleeves.  Made from our extremely popular heather CVC fabric, this t-shirt sports a vintage textured look. Fabrication: Heather CVC - 52% Airlume combed and ring spun cotton, 48% poly, 32 single 4.2 oz.Sizing chart: Body Width     S   18 1/2""    M   20""    L    22""    XL  24""Body Length    S   25 1/4""   M   26""    L   26 3/4""   XL   27 1/2"" "
"Sherry Jacket, Black, Bamboo",jacket,"{50%,Bamboo,Black,Jacket,sale,Sunny}","DescriptionWith short sleeves, the Sherry functions as a great layering piece. This open jacket falls from the shoulders, tapers slightly at the high waist, and flares just a touch around the high hip. Front panels are lightly rounded, adding movement around the hips and contrast with the fitted shoulder. This subtle shaping flatters the upper body with both shape and flow. Pair the Sherry Jacket with our Ritzy or Marcie Tanks for a clean and cohesive look.Features- Short sleeves- Slightly rounded front panels- Easy drapingBlue Sky fit guide - true to size.Fabric - 95% Bamboo, 5% Lycra"
"Kim 3/4 Sleeve Top, Teal Rosebush, Bamboo",top,"{Bamboo,Black,Print2022,regular,ss2022,Sunny,Teal,""Teal Zone"",Top}","DescriptionOur Kim Top has just the right touch of femininity, balanced with extra room in all the right places. Soft, stretchy Bamboo fabric makes for a fitted bodice that is flattering and comfy. Below the bodice, an empire seam with a dropped point at centre-front, which creates a vertical line to elongate the body. Fabric flares out from the empire seam to provide coverage and a touch of elegance. Sophisticated and simple, the Kim looks great with slim pants and skirts. Features- Deep, scoop neckline- Fitted bodice- Empire seam with fit and flare shapeBlue Sky fit guide - true to sizeFabric - 95% Bamboo, 5% Lycra"
"Combo Tee, Grey Scrollwork, Batik Art",top,"{""3/4 Sleeve"",50%,Black,fw2020,Lynn,Rayon,sale,Top,Viscose}",Not mention
Neuw Hood - Camel,shirts,"{Australia,camel,cotton,denim,""denim wear"",denimwear,hood,hooded,hoodie,hoody,""Mens Clothing"",menswear,neutral,Neuw,New.Neuw,pocket,pullover,Rollas,shirt,summer,sweater,time,top}",This thick hood is perfect staple for your wordrobe with a large front pouchFinished with a double home logo &amp; drawstingLarge front pouch pocketRibbed cuffs &amp; matching waistband100% CottonMaterial 100% cottonMade in China
COTTON CANDY & LAVENDER SLEEVELESS HOODIE,premium sleeveless hoodie,"{Psychedelic,""Sacred Geometry""}","Vibrant all over front, back &amp; hood design100% premium soft-spun polyResistant to wrinkles, shrinking, abrasion and mildewPrint will never fadeHandmade with love in North America, just for you!Ships out in 7 - 10 business days."
"Fion Tank, Fuchsia",tank,"{20,Purple,Rayon,sale,Tank,Viscose}","DescriptionA light and flowy tank with wide shoulder straps and a cropped hem. Ideal for hot summer days, the Fion Tank is made of light Rayon fabric. Pair with slim-fitting shorts or capris.Features- Wide shoulder straps- Loose, flowy fit- Cropped lengthBlue Sky fit guide - true to size.Fabric - 100% plant-based Rayon"
"Opra Jacket, Black, Bamboo",jacket,"{50%,Bamboo,Black,Jacket,sale,Sunny}","Both an accent piece and a basic, the Opra jacket is a fashion essential.Slightly A-line, the Opra falls in an elegant drape from shoulders to mid-thigh. Flat front panels establish a long lean shape down the body. A box pleat at CB allows the fabric to drape easily in the back as well, repeating the soft line from neck to thigh.Wear the Opra to work as a jacket, in the evening as an accent shrug, or throughout the day for a polished, all-purpose look. The long sleeves showcase accessories, or sit easily when pushed up.Blue Sky fit guide - generousFabric - 95% bamboo, 5% Lycra"
PSYCHED OUT HOODIE,premium hoodie,{},"Vibrant all over front &amp; back design100% premium soft-spun polyesterPrint will never fade, crack or wrinkleHandmade with love in North America, just for you!Ships out in 7 - 10 business days."
GRIME MANDALA SWEATSHIRT,premium sweatshirt,"{Nu,Psychedelic}","Vibrant all over front &amp; back design100% premium soft-spun polyesterPrint will never fade, crack or wrinkleLight fleece inner liningHandmade with love in North America, just for you!Ships out in 7 - 10 business days."
"Jazz 3/4 Slv Top, Beachwaves, Bamboo",top,"{50%,Bamboo,sale,ss2020,Sunny,Teal,Top}","DescriptionThe sleeved version of our Jazz Tank, the Jazz 3/4 offers the same forgiving fit and wardrobe versatility. Designed so that fabric floats away from the body, creating a softened visual effect and clean finish. A longer hemline in the back and sleeves provide coverage. Our Bamboo fabric makes the Jazz breathable and thin enough for layering.Features- U-neckline- 3/4 length sleeves- A-line shape- Shirt-tail hemlineBlue Sky fit guide - generousFabric - 95% Bamboo, 5% LycraLength Measurements, Top of Shoulder to Bottom of Hemline (cm)XXSXSSMLXL1X2X3X4X65676971737577808284<!--.tb_button {padding:1px;cursor:pointer;border-right: 1px solid #8b8b8b;border-left: 1px solid #FFF;border-bottom: 1px solid #fff;}.tb_button.hover {borer:2px outset #def; background-color: #f8f8f8 !important;}.ws_toolbar {z-index:100000} .ws_toolbar .ws_tb_btn {cursor:pointer;border:1px solid #555;padding:3px}   .tb_highlight{background-color:yellow} .tb_hide {visibility:hidden} .ws_toolbar img {padding:2px;margin:0px}-->"
Short Ribbed Cardigan,cardigan,"{32968,Cardigan,F21,""SOYA CONCEPT"",Sweater}","Style # 32968 - 08/0895This timeless sweater will add a feminine touch to any outfit. With its open silhouette, and soft ribbed fabric, this is a great piece for transitioning seasons. We like to keep it simple and style with a white t-shirt, denim skirt and fun slip-on shoes.Style: Open CardiganFit: StandardLength: Below hipsRibbed fabricMax Shrinkage: 5%Long sleeves with ribbed cuffsRibbed hemMachine wash in cold waterComposition: 65% Polyester, 35% Viscose"
Drawstring Cowl Neck Top,top,"{""JOSEPH RIBKOFF"",TOP}","Style # 213608 – 03/0804Made with a light &amp; stretchy fabric, this (must-have) top features short sleeves, line pattern, drawstring cowl neckline and relaxed fit that create a casual and unique garment to add to your wardrobe. Whether you wear it with your favourite jeans or pair with a comfortable legging, it’s a closet must-have!Style: Cowl topFit: RelaxedLength: Below hipDrawstring cowl necklineShort sleevesMade in CanadaMachine wash in cold water on gentle cycleComposition: 96% Polyester, 4% Spandex"
ENLIGHTENED EARTH HOODIE,premium hoodie,"{Nu,Psychedelic}","Vibrant all over front &amp; back design100% premium soft-spun polyesterPrint will never fade, crack or wrinkleHandmade with love in North America, just for you!Ships out in 7 - 10 business days."
Abstract Layer Mock Neck Top,top,"{71650,Dolcezza,F21,TOP}","Style # 71650 - 03/0897This stylish long sleeve top adds a trendy look to any outfit. The mock neck creates a flattering silhouette and it’s a perfect chilly weather basic. Style: TopFit: StandardLength: Slightly below hipsMock necklineLong sleeves Key hole backMachine wash inside out on gentle cycleComposition: 62% Polyester, 33% Viscose, 5% Elastane"
"Combo Tee, Flower Garden, Batik Art",top,"{Black,Blouse,carryover,fw2021,""Grey Zone"",Lynn,Rayon,regular,ss2020,Viscose}","Description:The hand-batiked prints are fresh and artistic, while natural fibre regulates body temp, keeping you cool when needed. Flat binding at neckline and sleeves. Fabric falls easily from the bust, floating around the hips for great wearability. An asymmetrical front pocket adds visual richness.Blue Sky Fit Guide: true to size in shoulders and bust; fuller around midriffFabric:  100% plant-based, wrinkle-resistant rayonThe model is 5'6"" and wears size M.Length Measurements, Top of Shoulder to Bottom of Hemline (cm)XXSXSSMLXL1X2X3X4X68697275788082848586 <!--.tb_button {padding:1px;cursor:pointer;border-right: 1px solid #8b8b8b;border-left: 1px solid #FFF;border-bottom: 1px solid #fff;}.tb_button.hover {borer:2px outset #def; background-color: #f8f8f8 !important;}.ws_toolbar {z-index:100000} .ws_toolbar .ws_tb_btn {cursor:pointer;border:1px solid #555;padding:3px}   .tb_highlight{background-color:yellow} .tb_hide {visibility:hidden} .ws_toolbar img {padding:2px;margin:0px}-->"
"Keirra Jacket, Black, Bamboo",jacket,"{20,Bamboo,Black,Jacket,sale,Sunny}","Wide dolman sleeves, for generous overlayer shape that narrows down the thigh. A shawl collar extends to the hemline, and two big patch pockets ground the look: ready, all-purpose, capable.Wear the Keirra as a wrap for office, or as a light jacket for spring/summer.Blue Sky fit guide - a generous fit across the back; go down a size. Excellent choice for women who are full in the bust.Fabric - 67% bamboo, 28% cotton, 5% Lycra"
Weekend Rush Button Down,tops,"{_tab1_free-people-sizing,_tab2_atb-free-people,_tab3_care-free-people,blouse,clothing,free-people,sale,tops}",The perfect boxy button-down top featured in a slouchy cropped silhouette designed in a textured cotton fabrication.Side slitsExposed seam detailDropped raglan short sleevesMachine Wash Cold100% Cotton
Good hYOUman Women's Apple - Live Your Way Everyday Clay,shirts,"{""good hyouman"",shirt,sportswear,tops,womens}","191740PMeet the Apple! Our newest short-sleeve tee! The Apple has a relaxed fit, crew neck, and dropped shoulder sleeves. This casual tee goes with everything in your closet! Skirts, jeans, sweats, you name it!Crafted from our cotton slub fabric, this tee features varying yarn textures resulting in an ultra-soft vintage look and feel! This is a women's style intended to have a relaxed fit throughout the body. Female model is 5'8"" and is wearing a size S. This style is a bit oversized.100% Cotton // 50% Modal // Machine Wash Cold // Tumble Dry Low"
Nike Men's Pro Short-Sleeve Top Black,shirts,"{mens,nike,shirts,sportswear,tops}","BV5633-010SWEAT AND STRETCH.Perfect for wear on its own or as a layer, the Nike Pro Top is made with stretchy, sweat-wicking fabric that helps keep you dry and comfortable through your workout.Dri-FIT technology helps keep you dry and comfortable.Slightly longer back hem helps keep you covered while you bend and stretch. More Details Slim fit for a tailored feelFabric: Body: 91-93% polyester/7-9% spandex. Panels: 92% polyester/8% spandex.Material percentages may vary depending on color. Check label for actual content.Machine washImported91% POLYESTER9% SPANDEX"
"Fraser Sweater, Blue, 100% Merino Wool",sweater,"{fw2021,Men,regular,Sweater,Wool}",Fabric: 100% Merino Wool
"Chopra Jacket, Coffee, Bamboo",jacket,"{Bamboo,basic,basic2022,Brown,Jacket,regular,Sunny}","DescriptionBased off our popular Opra jacket, but without the points. The Chopra is slightly A-line, falling in an elegant drape from shoulders to mid-thigh. Flat front panels establish a long lean shape down the body. A box pleat at CB means fabric never clings, draping easily in the back.Wear to work as a jacket, in the evening as an accent shrug, or throughout the day for a polished, all-purpose look. The long sleeves showcase accessories, or sit easily when pushed up. Features- Box pleat at centre back- Slightly A-line- Slim, clean shapingBlue Sky fit guide - generousFabric - 95% Bamboo, 5% Lycra"
"Combo Tee, Blue Rose Garden, Batik Art",top,"{50%,""Batik Art"",Blue,Lynn,Rayon,sale,ss2020,Top,Viscose}","The hand-batiked prints are fresh and artistic, while natural fibre regulates body temp, keeping you cool when needed. Flat binding at neckline and sleeves. Fabric falls easily from the bust, floating around the hips for great wearability. An asymmetrical front pocket adds visual richness.Blue Sky fit guide - true to size in shoulders and bust; fuller around midriffFabric - 100% plant-based, wrinkle-resistant rayon"
Gabriella Funnel Neck Sweater,sweater,"{Cotton,""COTTON COUNTRY"",MUST-HAVE,PARKHURST,Pullover,Sweater}","Style #85143 – 08/0827Cozy up in this beautiful cable knit sweater! Made with recycled cotton, this sweater features a funnel neck, long sleeves and chunky knit. It is a timeless classic that will pair with everything in your closet for years to come.Style: PulloverFit: RelaxedLength: Slightly below hipsFunnel necklineLong sleeves with ribbed knit cuffsRibbed knit hemMachine wash in cold waterComposition: 75% Recycled Cotton, 25% Polyester"
Aretha Franklin Daydreaming Weekend Tee,tops,"{_tab1_daydreamer-sizing,_tab2_atb-daydreamer,_tab3_care-daydreamer,black,blouse,clothing,daydreamer,newarrivals,tops}","When the Queen of Soul dropped yet another hit, it was one we couldn’t help but gravitate toward: “Daydreaming.” With a title that touched us to the core, Aretha’s soul single, since covered by countless great acts, now lands on our latest weekend tee. Featuring a portrait of the 18 time Grammy winner, it’s only right that Aretha’s tee is designed in rich colors to match its soulful roots.THE SPECSMade from a soft 100% cotton, with a perfect hand feel and worn in lookAn intentionally oversized tee, made from a heavier loose knit cotton jersey with a classic crew neckline and slightly longer sleeves - perfect for cuffing. Made to fit you big, there’s no need to size up to achieve your borrowed from the boys lookMade by your team of Daydreamers, right here in Los AngelesModel is wearing size SSize S measures chest width: 19 3/4"" length: 26"""
Printed Cotton Blouse,blouse,"{EVERSASSY,Tunic}","Style # 61172 – 03/07BWThis airy top is a versatile choice for an easy-going style. The relaxed silhouette, cropped sleeves, and the slight high-low hemline are chic and figure-flattering. Pair with your favorite pants, skinny jeans or structured skirts. The options are endless!Style: BlouseFit: RelaxedLength: Below hipsFront buttonsClassic collarCropped sleeves with cuffsSlight high-low hemlineHand wash in cold waterComposition: 100% Cotton"
Spiritual Gangster Women's Amor Seamless Crop Tank Night,tanks,"{""Spiritual Gangster"",sportswear,tanks,tops,womens}","SP23676008-NVYDo all things with love in our best-selling seamless Amor Crop Tank, updated this season with a unique mineral wash treatment. Loved by fans of all shapes and sizes, it lifts and supports where you want it most, and the femme ruffle hem won’t dig in. So incredibly versatile you can wear it for a workout and a night out.Close, compressive fitBuilt-in shelf braRacerbackMerrowed edgeSG Free Seamless performance fabricSG Free SeamlessModel is 5'8"" / 32” Bust and wearing size XS/S"
Patagonia Women's Retro Pile Jacket Natural,shirts,"{outerwear,womens}","22795-NATInfluenced by our fleece heritage, but made modern with 100% recycled polyester double-sided shearling fleece, this jacket provides ultimate softness and warmth. Fair Trade Certified™ sewn.Made of plush 100% recycled polyester double-sided shearling for warmthThree mesh-lined pockets secure with Vislon® zippers, one chest and two handwarmers, which have grosgrain zipper pullsEdged with elastic binding around the collar, center-front zipper and hem Front and back yoke complete throwback aestheticHip lengthFair Trade Certified™ sewnRegular fit"
EPIC ECLIPSE CROPTOP,croptop,"{Galaxy,Nu,Space}","Vibrant all over front &amp; back design100% premium soft-spun polyesterPrint will never fade, crack or wrinkleHandmade with love in North America, just for you!Ships out in 7 - 10 business days."
OVERSIZED TWO POCKET CARDIGAN - BLACK,cardigan,"{black,""double pocket"",gastown,hooded,mens,oversized,sweaters}","Our best selling coatigan is back!  Don't miss out!Chunky and cozy scarf neck hooded cardigan with pockets in black.60% ACRYLIC, 30% SPANDEX, 10% POLYESTER"
"Kendall Sweater, Black",sweater,"{20,""Bamboo Cotton"",Black,sale,Sunny,Sweater}","Accent piece in cotton/bamboo, for cool wear and layering year-round.The Kendall sweater has gentle tapering under the arms, for a fitted shape that falls easily over the hip.Blue Sky fit guide - true to size, or choose a size down for a slimming silhouetteFabric - 50% cotton, 50% bamboo"
Cool Cat Tank Top,tank,"{Dolcezza,""Mother's Day"",Sporty,Tank}","Style # 21149 – 03/07L6Take on the season with style!This lightweight viscose-blend top features a fun ‘cool cat’ print, a round neckline and sleeveless style. We love to style this blouse with light coloured ankle pants and a denim jacket for an edgy and on-trend outfit.Style: TankFit: StandardLength: HipRound necklineSleevelessHand wash separately in cold waterComposition: 96% Viscose, 4% Elastane"
"Shirley Blouse, Indigo/Grey Leaves",blouse,"{""3/4 Sleeve"",50%,""Batik Art"",Blouse,fw2019,Navy,Nyoman,Rayon,sale,Viscose}","DescriptionThe Shirley is generous in shape and a wonderful base for our beautiful Batik Art prints.A flat, front pleat gives extra room near the waist and allows seams to be straighter, for a more narrow-looking shape. 3/4 length sleeves are loose but still slim. A slight Mandarin collar adds a touch of elegance. The Shirley falls right around the hip, making it easy to wear with many different pant styles.Features- Slight Mandarin collar- V-neckline- 3/4 length sleeves- Front pleatBlue Sky fit guide - true to size.Fabric - 100% plant-based, wrinkle-resistant Rayon<!--.tb_button {padding:1px;cursor:pointer;border-right: 1px solid #8b8b8b;border-left: 1px solid #FFF;border-bottom: 1px solid #fff;}.tb_button.hover {borer:2px outset #def; background-color: #f8f8f8 !important;}.ws_toolbar {z-index:100000} .ws_toolbar .ws_tb_btn {cursor:pointer;border:1px solid #555;padding:3px}   .tb_highlight{background-color:yellow} .tb_hide {visibility:hidden} .ws_toolbar img {padding:2px;margin:0px}-->"
Long Sleeve Tee - Bamboo Jersey / Cochlea,tops,"{Baserange,groupbycolor,Tops}","Long-sleeve crewneck tee made of soft and subtly sheer bamboo jersey. Perfect for layering or as an elevated basic tee.Details:100% bambooMade in PortugalLiza is 5'9'', size 6, wearing a size S"
"Mia Top, Indigo Roses, Bamboo",top,"{""3/4 Sleeve"",Bamboo,""Blue Zone"",fw2021,Marie,Navy,regular,Sunny,Top}","DescriptionFlattering whether worn loose or body-con. The Mia Top is made of stretchy Bamboo, and has two layers in the front for added structured. Bamboo is cool, so this double layer remains a comfortable option. A soft V-neckline suggests a vertical axis, and aligns with tapered shape down the body. T-shirt simplicity with a very shapely fit, the Mia a great choice for pairing with a variety of different pants and skirts.Features- Soft V-neckline- 3/4 length sleeves- Two layers in the front- Tapered shape down the bodyBlue Sky fit guide - true to size for a body-con fit, or go up one size for a slightly relaxed fit.Fabric - 95% Bamboo, 5% LycraHelen and Karen are both 5'8"" and they wear size XS.Length Measurements, Top of Shoulder to Bottom of Hemline (cm)XXSXSSMLXL1X2X3X4X60626466687072757881<!--.tb_button {padding:1px;cursor:pointer;border-right: 1px solid #8b8b8b;border-left: 1px solid #FFF;border-bottom: 1px solid #fff;}.tb_button.hover {borer:2px outset #def; background-color: #f8f8f8 !important;}.ws_toolbar {z-index:100000} .ws_toolbar .ws_tb_btn {cursor:pointer;border:1px solid #555;padding:3px}   .tb_highlight{background-color:yellow} .tb_hide {visibility:hidden} .ws_toolbar img {padding:2px;margin:0px}--><!--.tb_button {padding:1px;cursor:pointer;border-right: 1px solid #8b8b8b;border-left: 1px solid #FFF;border-bottom: 1px solid #fff;}.tb_button.hover {borer:2px outset #def; background-color: #f8f8f8 !important;}.ws_toolbar {z-index:100000} .ws_toolbar .ws_tb_btn {cursor:pointer;border:1px solid #555;padding:3px}   .tb_highlight{background-color:yellow} .tb_hide {visibility:hidden} .ws_toolbar img {padding:2px;margin:0px}--><!--.tb_button {padding:1px;cursor:pointer;border-right: 1px solid #8b8b8b;border-left: 1px solid #FFF;border-bottom: 1px solid #fff;}.tb_button.hover {borer:2px outset #def; background-color: #f8f8f8 !important;}.ws_toolbar {z-index:100000} .ws_toolbar .ws_tb_btn {cursor:pointer;border:1px solid #555;padding:3px}   .tb_highlight{background-color:yellow} .tb_hide {visibility:hidden} .ws_toolbar img {padding:2px;margin:0px}-->"
Cropped Tank / Cobalt Blue,tops,"{groupbycolor,Jungmaven,Tops}","""A summer staple; perfect for high-waisted bottoms and good times all around.""Details:55 Hemp/45 Organic CottonMade in USAAilie is 5'8, size 4, wearing a size M"
Coolibar Women's Arabella Quarter-Zip UPF 50+,shirts,"{Jackets,Sports,Tops,Women}","The Arabella Quarter-Zip features the beautiful, light jacquard knit diamond texture of the Active Diamond™ fabric. The soft detailing of the stitching amplifies the flattering ruching on the shoulders and along the zipper of this fitness quarter-zip. The UPF 50+ coverage extends even further with the stand-up collar and unique hem that curves perfectly along the top of the hand.Highlights:UPF 50+Slightly fittedStand collar with quarter-zipRaglan full-length sleeves with thumbholesSlightly curved hemRuching detail on raglan seamsBeautiful jacquard diamond texture26 ½” Body length (size medium)Active Diamond™ fabric: Ultra-soft, lightweight, breathable, quick dry performanceNylon/Spandex BlendMachine wash, tumble dryActive Diamond™ FabricActive Diamond fabric has a jacquard knit construction with a subtle raised pattern that accelerates moisture wicking for fast quick-dry performance. It’s soft and silky, lightweight and breathable, perfect for a workout and on the court or course."
Dydine Top / Occular,tops,"{Baserange,groupbycolor,Tops}","Sheer linen bias cut tank top with thin adjustable straps. Made of light and breezy linen.Details:100% linenMade in TurkeyNicolette is wearing a size S About the brand:Founded in 2012, Baserange is a line of modern basics with an emphasis on clean lines and easy silhouettes. The company works closely with innovative vendors to develop high quality textiles from both natural fibers and recycled content. Baserange believes that a commitment to clean production will minimize environmental impact and benefit both the producer and the user."
"Gemi Top, Red Plaid, Bamboo",top,{},"Flattering notched detail at neckline. Flat pleat CB for easy clearance across the back. In addition, a slightly wider back panel controls fabric fall, for a trimly finished front and generous finish at back. Touch of A-line, small vents. Falls to low hip.Blue Sky fit guide - true to size; great fit for all shapes, but exceptionally easy to wear for women who are wide in the back and/or full in the bust. (4C5)Fabric - 95% bamboo, 5% Lycra"
Under Armour Men's Sportstyle Terry Hoodie American Blue,hoodie,"{hoodie,mens,sportswear,tops,""under armour""}","1329291-449Product DNALoose: Fuller cut for complete comfort.French Terry has a smooth outer layer &amp; a warm, soft inner layerMaterial wicks sweat &amp; dries really fastCrossover hood construction with drawcord adjustFront kangaroo pocketSide-vent hemEmbroidered logo80% Cotton/20% Polyester"
SPACE GANJA LONG SLEEVE T,long sleeve t,"{Galaxy,Narcotics,Nu,Psychedelic,Space}","Vibrant all over front &amp; back design100% premium soft-spun polyesterPrint will never fade, crack or wrinkleHandmade with love in North America, just for you!Ships out in 7 - 10 business days."
THE ALMIGHTY HOODIE,premium hoodie,"{Nu,Psychedelic}","Vibrant all over front &amp; back design100% premium soft-spun polyesterPrint will never fade, crack or wrinkleHandmade with love in the USA, just for you!Ships out in 7 - 10 business days."
Bamboo Long Sleeve Top,top,"{""CEST MOI"",""Mother's Day"",ONG,""Regular Price"",T-shirt,TOP}","Style # CEBT1202 – 03/CM01This stylish long sleeve top adds a trendy look to any outfit. The bamboo-blend fabric offers a seamless look, is super stretchy and it will not pill. It’s the perfect layering piece!Style: TopFit: Fitted with stretchLength: Hip but can be stretched longerSizing: One Size fits sizes 2-12SeamlessScoop necklineLong sleevesCold water wash on gentle cycleComposition: 80% Rayon from Bamboo, 17% Nylon, 3% Spandex"
Camp Fit Ciao Tee / Blue,tops,"{""Clare V."",Tops}","Extra soft and boxy camp tee with bold ""ciao"" print. Anna is 5'8 wearing a size smallGabrielle is 5'5 wearing a size smallDetails:100% cottonPre-shrunkMade in Los Angeles, California About the brand:After noticing a lack of functional yet stylish laptop cases while working as a journalist for French TV, Clare decided to create her own line of handbags and accessories. Over time, Clare’s been able to cultivate an identifiable aesthetic that's all her own and has been recognized worldwide by influencers, tastemakers, celebrities and bloggers, who support and wear the line. Clare’s strong connection to France, where she spends a significant amount of time each year with her French husband and son, remains at the core of the brand, with signature elements visible within every collection."
PSYCHEDELIC FELIX HOODIE,premium hoodie,"{Nu,Psychedelic}","Vibrant all over front &amp; back design100% premium soft-spun polyesterPrint will never fade, crack or wrinkleHandmade with love in North America, just for you!Ships out in 7 - 10 business days."
QUESTION EVERYTHING GRAPHIC LONG SLEEVE T,long sleeve t,"{Dark,Nu,Psychedelic}","PREMIUM SOFT DTG PRINT,MADE TO ORDER IN 2-4 DAYS.  • 100% cotton • Pre-shrunk jersey knit Size guide SMLXL2XL3XL4XL5XLLength (inches)2829303132333435Width (inches)1820222426283032"
DEEP BLUE SPACE T,premium tee,"{Galaxy,Nu,Space}","Vibrant all over front &amp; back design100% premium soft-spun polyesterPrint will never fade, crack or wrinkleHandmade with love in North America, just for you!Ships out in 7 - 10 business days."
"Hourglass Blouse, Grey Aridot, Batik Art",blouse,"{20,""Batik Art"",Blouse,Grey,Lynn,sale}","A V-neckline draws attention up and center, then is lengthened by a button placket down the front. This arrow shape suggests symmetry and height. The hemline is longer on the sides, where there is added fluidity. Sleeves float from the clearly-defined shoulder and mirror the movement of hemlines.Blue Sky fit guide - true to size. The Hourglass fits all shapes, but is especially great for those who are shorter and fuller.Fabric - 100% plant-based, wrinkle-resistant rayon "
Amuse Society A La Page Graphic Tee,tops,{},Oversized boyfriend tee with a fun beachy graphic. Throw it on over your ‘kini and cutoffs this summer! A soft tee you’ll be reaching for on the daily. 100% COTTON
Group Think 1 Tank,tank,"{Dolcezza,""Group Think 1"",RESORT,Tank}","Style # 21630 – 03/0755Take on the season with style!This lightweight viscose-blend top features a fun art-inspired print, a round neckline and sleeveless style. We love to style this blouse with light coloured ankle pants and a denim jacket for an edgy and on-trend outfit.Style: TankFit: StandardLength: HipRound necklineSleevelessHand wash separately in cold waterComposition: 96% Viscose, 4% Elastane"
Capri Top / Lavender,tops,"{""Atelier Delphine"",groupbycolor,""Knit Top"",top,Tops}","Hand-knit sleeveless top with a cropped fit and cutout details on one side.Details:ReversibleMade in PeruDry clean only Lola is 5'7"", bust: 34"" waist: 26"" hips: 35"" wearing a size XS/S"
Top - Dex Smocked Square Neck Blouse,womens top,"{1924024,27Jan22,blouse,blue,cream,dex,dot,neck,""new arrival"",sky,smocked,square,top,womens}",Dex smocked square neck blouseCotton slub
EXOTIC MOON HOODIE,premium hoodie,"{Galaxy,Nu,Psychedelic}","Vibrant all over front &amp; back design100% premium soft-spun polyesterPrint will never fade, crack or wrinkleHandmade with love in North America, just for you!Ships out in 7 - 10 business days."
"Jazz Tank, Deep Orchid, Bamboo",tank,"{Bamboo,fw2021,Marie,""Orchid Zone"",Purple,regular,Sleeveless,Sunny,Tank,Top}","DescriptionOur best-selling tank, the Jazz provides comfort through it's design and our soft, Bamboo fabric.The fuller shape of the Jazz Tank is both forgiving and style-ready. Designed so that fabric floats away from the body, creating a softened visual effect and clean finish. A longer hemline in the back provides coverage, and shoulder straps are carefully shaped to hide bras.Features- U-neckline- Wide shoulder straps- A-line shape- Shirt-tail hemlineBlue Sky fit guide - generousFabric - 95% Bamboo, 5% LycraLength Measurements, Top of Shoulder to Bottom of Hemline (cm)XXSXSSMLXL1X2X3X4X65676971737577808284"
"Ladysmith Jacket, Black, Wool",sweater,"{50%,Black,""Charcoal Zone"",Cotton,fw2021,sale,Sweater,Tony,Wool}","Description The Ladysmith Jacket brings the softness of a sweater, with the structure and warmth of a jacket.  The Ladysmith has a straight body shape and front button closure. Two front patch pockets are roomy and perfect for your phone, keys, or wallet. Wear the Ladysmith Jacket over your favourite long sleeve or turtleneck.Features- Long sleeves- Button-up front closure- Deep, front pocketsBlue Sky fit guide - true to size.Fabric - 70% Cotton, 30% Wool"
CAIRO LEATHER JACKET  - CHESTNUT,leather jacket,"{""blazers jackets coats"",chestnut,fw21,gastown,mauritius,mens,sheepskin}","This classic Mens' Lambskin jacket in Chestnut.All the skins used are vegetable tanned sheepskin.All body linings are natural cotton, a breathable fiber, and the sleeve pipes lined with satiny polyester for ease of movement.Linings are embellished with good advice, discreetly tone on tone. ( Smile often/ Laugh loudly, for example )  All exterior pockets are leather taped inside, to reveal leather rather than lining fabric when open. Interior pockets have secure zipper closures.Color details are often employed under the collar or in the gore of a zip cuff for accent.Zippers and zipper pulls have been thought out to coordinate with the color and ‘feel’ of each style."
Coolibar Women's Catalina Beach Cover-Up Dress UPF 50+,shirts,"{Hoodies,Shirts,summer,Swim,Tops,Women}","Everything about the lightweight Catalina Beach Cover-Up Dress is relaxed and casual. Loose front pockets, a deep V-neck, a hood with a drawcord all combine to say: let’s go to the beach! ZnO fabric features zinc oxide particles embedded into the fibers. Sun protection that won't wash or wear out!!Highlights:UPF 50+Hooded v-neckline with drawcordLoose pocketsSide seam vents35"" body length (size medium) falls to mid-thighCotton/Viscose from Bamboo/Elastane blendZnO™ FabricSuper soft against the skin, lightweight, cool and comfortable with the highest quality zinc oxide protection"
"Terri Jacket, Black Granite",jacket,"{Black,carryover,fw2019,fw2021,Grey,""Grey Zone"",Jacket,""Long Sleeve"",Rayon,regular,Viscose}","Layering jacket in soft bamboo fleece.Tapering at the high waist gives shape, repeated by colour-blocking. Flat-locked seams are hardy, while the high neck, long sleeve, and slightly longer hemline offer full-coverage warmth. The Terri jacket looks tailored, but is essentially a casual jacket - with great shape and style. Light but warm bamboo fleece is soft and breathable. (4N1,2)Blue Sky fit guide - true to size, with a sweater beneath. Go down a size for a fitted look.Fabric - 67% Bamboo, 28% Cotton, 5% Lycra"
Talia Tie Back Tank,tops,{},"Tank top featuring a fun tie-back design. Dress this piece up with some high-rise denim, a heeled sandal, and some simple jewels! Perfect for patio season. Comes in so many fun colours from bright and bold options to simple neutrals. "
PSYTRANCE SLEEVELESS HOODIE,premium sleeveless hoodie,"{Nu,Psychedelic,""Sacred Geometry""}","Vibrant all over front, back &amp; hood design100% premium soft-spun polyResistant to wrinkles, shrinking, abrasion and mildewPrint will never fadeHandmade with love in North America, just for you!Ships out in 7 - 10 business days."
Aires Top / Camel,tops,"{groupbycolor,""Knit Top"",Knitwear,""Rachel Comey"",Tops}","Sleeveless crop top in a breezy linen knit. Designed with adjustable side ties at the waist.Details:100% linenMade in China Gabrielle is 5'5"", bust 35"", waist 29"", hips 36"", wearing a size SStyled with Rachel Comey Coxsone pant."
"Relaxed Tank, Indigo, Bamboo",tank,"{Bamboo,basic,basic2022,Navy,regular,Sunny,Tank}","DescriptionThe Relaxed is an easy-fit tank that can transition from the gym to a night out. Our Bamboo fabric makes it breathable and stretchy, resulting in ultimate comfort for the body. Arm holes fit snugly to prevent gaping, and the shape is a subtle A-line that ends in a straight hemline at the hip. Features- Scoop neck- Falls to the hip- Straight hemlineBlue Sky fit guide - true to size.Fabric - 50% Bamboo, 42% Modal, 8% LycraModel is 5' 6"" and wears size S.Length Measurements, Top of Shoulder to Bottom of Hemline (cm)XXSXSSMLXL1X2X3X4X66687072757881848790"
Top - Z Supply Maya Long Quilted Jacket,womens top,"{14Jan22,jacket,long,maya,""new arrival"",onyx,quilted,supply,top,womens,z}","Z Supply Maya long quilted jacketZ Supply's popular Maya Quilted Jacket gets another epic update with the Maya Long Quilted Jacket. Featuring the same great quilted design, this new version is longer and so flattering with a zippered front, perfect for those chilly days.FABRICCVC Fleece: 60% Cotton 40% PolyesterFITOversized Fit.  "
Cally Tee,tops,"{_tab1_free-people-sizing,_tab2_atb-free-people,_tab3_care-free-people,blouse,clothing,free-people,green,sale,tops}","An effortless essential from the We the Free collection, this timeless tee is featured in a boxy, cropped silhouette and super relaxed fit with raw bottom hem for a lived-in look.Machine Wash Cold100% CottonFit Guide:Oversized Fit"
Catalina Tunic - NEW ARRIVAL,top,"{""COTTON COUNTRY"",""Regular Price"",S22,TOP}","STYLE # 80081 - 08/0959This cute knit sweater is sure to make a statement this spring and summer.  It has a split-hem detail, 3/4 length sleeves with colourful thick stripes, and a boat neckline.Style: PulloverFit: RelaxedLength: Below hipsBoat neckline3/4 length sleeves with colourful stripes at the cuffSplit at hemKnit fabricMachine was in cold waterComposition: 100% CottonMade with earth friendly recycled cotton is a water reducing technology producing sustainable fabric. Only 8.8 water bottles were used per garment. Proudly made in Canada."
"Ritzy Tank, Realistic Love, Bamboo",tank,"{Bamboo,Print2022,regular,ss2022,Sunny,Tank,Teal,""Teal Zone""}","DescriptionThe Ritzy Tank features a sweetheart neckline that flatters on all. Wide shoulder straps hide bras, and a touch of shaping at the high waist adds light definition, conforming to your natural shape. Cut to the mid-hip, the Ritzy has a fluid hemline that floats around the midsection, giving coverage and movement.Features- Sweetheart neckline- Wide shoulder straps- Slightly rounded, fluid hemlineFabric - 95% Bamboo, 5% LycraBlue Sky Fit Guide - true to sizeDaisy is 5'7 and wears size SMALL."
"Fion Tank, Brown",tank,"{20,Brown,Rayon,sale,Tank,Viscose}","DescriptionA light and flowy tank with wide shoulder straps and a cropped hem. Ideal for hot summer days, the Fion Tank is made of light Rayon fabric. Pair with slim-fitting shorts or capris.Features- Wide shoulder straps- Loose, flowy fit- Cropped lengthBlue Sky fit guide - true to size.Fabric - 100% plant-based Rayon"
FEATURE SLEEVELESS HOODIE,premium sleeveless hoodie,"{Nu,Psychedelic}","Vibrant all over front, back &amp; hood design100% premium soft-spun polyResistant to wrinkles, shrinking, abrasion and mildewPrint will never fadeHandmade with love in North America, just for you!Ships out in 7 - 10 business days."
Patchwork Hoodie / Rust Overdye,tops,"{Carleen,groupbycolour,Tops,usa}","Carleen's Patchwork Hoodies are garment-dyed, made from 100% recycled cotton and embellished with vintage patchwork blocks. Features vintage patchwork on chest, hood, and back. They handpick textiles that may include wear, distress, marks, and other signs of age intentionally to add to the character of the finished garment.Each hoodie is one-of-a-kind; photos show front and back of each piece in order from XS to LDetails:100% recycled cottonWash cold and inside out with like coloursMade in Los Angeles. About the brand:With her quirky prints and ultra-wearable styles, Carleen designer Kelsy Parkhouse pretty much had us at hello. Kelsy finds inspiration in her southern California roots. Folk-art motifs, fine art and domestic manufacturing are also mainstays for the emerging designer. After her thesis collection at the Pratt Institute found rave reviews in 2012 and receiving the inaugural Liz Clairborne Concept to Product Award, Kelsy ventured out on her own straight out of school and never looked back."
DARK GRIME MANDALA CROPTOP,croptop,"{Dark,Nu,Psychedelic}","Vibrant all over front &amp; back design100% premium soft-spun polyesterPrint will never fade, crack or wrinkleHandmade with love in North America, just for you!Ships out in 7 - 10 business days."
Top - Free People Colby Long Sleeve Tee,womens top,"{14Dec21,colby,free,ivory,long,""new arrival"",people,sleeve,tee,top,womens}","Free People Colby long sleeve teeSo cool and classic, this essential long sleeve tee from ther We The Free collection is featured in an oversized, slouchy silhouette with scoop neckline and exposed, raw seaming for a true lived-in look.Dropped shouldersRounded bottom hemThumbholesContrast sleeve cuffsSpecifically, this product was made with Eco-Conscious Design: It contains at least 50% of a certified eco-conscious fiber or process.50% Cotton50% GRS Certified Recycled Cotton"
"Marshalla Jacket, Icicle Houndstooth, Bamboo",jacket,"{50%,Bamboo,fw2020,fw2020report,Jacket,""Long Sleeve"",sale,Sunny,""Teal Zone"",Teal/Turquoise}","All the class of a chic blazer, with the comfort and breathability of Bamboo.The Marshalla features a crisp lapel, with a simple one-button closure and two front pockets. Princess seams flatter the shape and add femininity to the look. For the ultimate business casual look, pair the Marshalla with our matching Satine Pant. Professionalism and style, all wrapped in one! (4M4)Blue Sky fit guide - true to sizeFabric - 67% Bamboo 28% Cotton 5% Lycra"
Lydia Crop Top,tops,"{""crop top""}","The summer basic you're going to need in every colour! Amazingly soft, stretchy and double-lined. The perfect top for pairing with all of your high rise jeans, skirts, and shorts! We love the square neck and wide strap on this top.92% rayon, 8% spandextrue to size fitted style  "
Boyfriend Pullover Cotton Terry / Asphalt,tops,"{""Black Crane"",groupbycolor,Tops,usa}","A cozy oversized pullover with a crew neck and soft brushed inside. Designed with a boxy shape and dropped shoulder style.Details:100% cotton terryMade in the USALiza is 5'9"", size 6, wearing a size SAbout the brand:Black Crane is a brand created by Alexander Yamaguchi and Momoko Suzuki. Both with a strong focus on designing garments which are an extension of your lifestyle. They concentrate on silhouettes you should be comfortable in as well as complement your daily life. All garments are produced in Los Angeles."
Diana Hooded Cardigan,cardigan,"{521725,Cardigan,F21,""GABBY ISABELLA"",Jacket,MUST-HAVE,Sweater}","Style # 521725 - 08/08M3Playful and unique cardigan to wear in fall. Beautiful bold dots with lurex accents adorn the front. The lace-up back makes this a truly special piece. Fine gauge yarn provides softness and beautiful silhouette.Style: CardiganFit: RelaxedLength: 35.25""Open frontHoodLong sleevesFront pocketsFabric has stretchDesigned in CanadaMachine wash on gentle cycleComposition: 55% Acrylic, 45% Nylon"
Mesh Accent Dolman Sweater - NEW ARRIVAL,sweater,"{221909,""JOSEPH RIBKOFF"",Pullover,""Regular Price"",S22,Sweater}","Style # 221909 - 08/0900Super versatile, effortlessly chic, and a wardrobe must-have!Designed by Canada's favorite designer; Joseph Ribkoff this essential knit sweater features a viscose &amp; nylon-blend that is lightweight and complements the funky mesh cut-outs, long sleeves, boat neckline and slight high-low hem. Style with jeans, slim pants or a classic skirt. The options are endless!Style: Light sweaterFit: RelaxedLength: Slightly below hipsBoat necklineLong sleeves with ribbed cuffsDropped shouldersSlight high-low hemMachine wash inside out in cold waterComposition: 62% Viscose Rayon, 37% Nylon, 1% Polyester"
Grey Jacquard Short Vest,vest,"{11192,EVERSASSY,F21,Jacket,Vest}","Style # 11192 - 07/0854This unique vest is made with memory fabric, has a cropped silhouette and large collar! There’s no limit on layering opportunities with this comfortable vest. It looks great over tanks, turtlenecks, or long sleeved dresses and tops.Style: VestFit: StandardLength: WaistStand collarCross-over frontSingle button closureMemory fabricMachine wash in cold waterComposition: 100% Polyester"
David Bowie 1987 Tee,tops,"{_tab1_daydreamer-sizing,_tab2_atb-daydreamer,_tab3_care-daydreamer,blouse,clothing,daydreamer,tops}","The longest and the most expensive and elaborate tour Bowie had embarked on in his career, the 1987 Glass Spider Tour was basically a full blown theatrical show. Using movement, dialogue, film and projected images, Bowie revealed himself as a man of many talents. Drawing some of the largest crowds and craze all over the world, the 1987 tour sold millions in minutes. Innovative, extravagant and full of overly ambitious dreams, the tour was almost a relief to wind up but went on to inspire many later acts. Wear it loud and wear it proud - the David Bowie 1987 Tour Tee imitates Bowie’s pretentious and weirdly magical energy on stage.THE SPECSMade from a soft 100% cotton, with a perfect hand feel and worn in lookMade from a heavier loose knit cotton jersey, the tour tee features an open feminine neckline and ultra-flattering draped sleeve. With a length that shows off all your assets, this style is accented with classic vintage blind stitchMade by your team of Daydreamers, right here in Los AngelesModel is wearing size SSize S measures chest width: 19"" length: 24"""
Carry on Unisex Tee in Heather Stone,t-shirt,{clothing},"This unisex tee fits like a well-loved favorite, featuring a crew neck, short sleeves and designed with superior Airlume combed and ring-spun cotton. Heather Stone.Fabrication: 52% Airlume combed and ring-spun cotton, 48% poly, 32 single 4.2 oz.Generous fit for women and an athletic fit for men.Chest to Fit (inches):   XS -  18 1/2, S - 18, M - 20, L - 22, XL - 24Body Length (inches): XS - 27, S - 28, M - 29, L - 30, XL - 31"
ALTERED PERSPECTIVE SLEEVELESS HOODIE,premium sleeveless hoodie,"{Galaxy,Nu,Psychedelic,""Sacred Geometry""}","Vibrant all over front, back &amp; hood design100% premium soft-spun polyResistant to wrinkles, shrinking, abrasion and mildewPrint will never fadeHandmade with love in North America, just for you!Ships out in 7 - 10 business days."
"Dena Tank, Green Room, Linen Bamboo",tank,"{20,Green,""Linen Bamboo"",sale,ss2020,Sunny,Tank}","DescriptionA gently fitted tank in woven Bamboo/Linen, that offers breathability and stretch. Lightly tapered at the waist and slightly elongated in the body for coverage. Full coverage shoulder straps and darts at bust ensure a proper fit. Pair the Dena with everything from shorts to pants to skirts. Our Linen fabric requires no ironing. Just spritz with water and hang to dry.Features- Scoop neck- Wide shoulder straps- Elongated bodice for coverageBlue Sky fit guide - true to size; go one size up if you're full in the bust.Fabric - 50% Bamboo, 50% Linen"
Street Casual Hoodie Jacket,hoodie,"{71114,Dolcezza,F21,hoodie,Jacket,Sweater}","Style # 71114 - 07/0895Dolcezza perfectly blends contemporary elements with a relaxed athleisure style with this hoodie. This comfy piece features a front zipper, drawstring hood, long sleeves and side pockets.Style: Hoodie jacketFit: StandardLength: HipDrawstring hoodFront zipperLong sleevesFront pocketsRhinestone embellishmentsMachine wash on gentle cycleComposition: 70% Cotton, 30% Polyester"
The North Face Men’s TKA Glacier Full Zip Jacket Monterey Blue,shirts,"{mens,outerwear}","NF0A4AJCBH7The TKA Glacier Full Zip is a lightweight fleece jacket that is made for layering and from 100%-recycled content, so you can look and feel great, whether you're pushing to the summit or along a crowded sidewalk.FEATURESStandard fitReverse-coil center front and hand pocket zipsEmbroidered logo on left chest100-weight, 100% post-consumer recycled classic fleeceElastic-bound cuffs and hem"
"Tara Blouse, Blue Carnation",blouse,"{20,""3/4 Sleeve"",Blouse,Linen,""Linen Bamboo"",sale,ss2019,sunny,""Tent Sale 0219"",tentsale,White,womensale}","DescriptionOur Tara blouse offers timelessly tailored style in cool-wear Bamboo/Linen. Traditional shirt in shoulders and placket, the Tara has a suggestion of tunic ease in length and mid-section ease. A small straight collar offers coverage, with a small V-neckline. Crisp, and easy to wear over capri pants or leggings. (4B3)Features- Tunic length- Small collar with buttons- V-necklineBlue Sky fit guide - true to size.Fabric - 50% Bamboo, 50% Linen<!--.tb_button {padding:1px;cursor:pointer;border-right: 1px solid #8b8b8b;border-left: 1px solid #FFF;border-bottom: 1px solid #fff;}.tb_button.hover {borer:2px outset #def; background-color: #f8f8f8 !important;}.ws_toolbar {z-index:100000} .ws_toolbar .ws_tb_btn {cursor:pointer;border:1px solid #555;padding:3px}   .tb_highlight{background-color:yellow} .tb_hide {visibility:hidden} .ws_toolbar img {padding:2px;margin:0px}--><!--.tb_button {padding:1px;cursor:pointer;border-right: 1px solid #8b8b8b;border-left: 1px solid #FFF;border-bottom: 1px solid #fff;}.tb_button.hover {borer:2px outset #def; background-color: #f8f8f8 !important;}.ws_toolbar {z-index:100000} .ws_toolbar .ws_tb_btn {cursor:pointer;border:1px solid #555;padding:3px}   .tb_highlight{background-color:yellow} .tb_hide {visibility:hidden} .ws_toolbar img {padding:2px;margin:0px}-->"
"Kim Cap, Sage, Bamboo",top,"{20,Bamboo,Green,sale,SS2019,Sunny,Top}","DescriptionThe Kim Cap has just the right touch of femininity, balanced with extra room in all the right places. Soft, stretchy Bamboo fabric makes for a fitted bodice that is flattering and comfy. Below the bodice, an empire seam with a dropped point at centre-front, which creates a vertical line to elongate the body. Fabric flares out from the empire seam to provide coverage and a touch of elegance. Sophisticated and simple, the Kim looks great with slim pants and skirts.Features- Deep, scoop neckline- Fitted bodice- Empire seam with fit and flare shapeBlue Sky fit guide - true to sizeFabric - 95% Bamboo, 5% Lycra"
DEXTOR KNIT - BLACK,sweater,"{black,dexter,knit,mens,pullover,""spring 22"",sweaters}",Men's long sleeve Pullover perfect for casual outfits paired with jeans. - Detail Type : Pullover - Fabric : Structured knit - Length/size : Regular - NECK : O-Neck - SLEEVE : Long Sleeves (L/S)
"Kathy Jacket, Violet, Bamboo",jacket,"{Bamboo,basic,Jacket,regular,Sunny,Violet,""Violet Zone""}","DescriptionThe Kathy is a great layering piece. An open jacket, it is fitted through the arms. Falling from the shoulder, it tapers at the waist and flares slightly around the hip. The front panels add movement coverage. The subtle shaping flatters the body, and allows flow. The Kathy Jacket works well with sleeveless tops or dresses, and a wide variety of bottoms.Features- 3/4 length sleeves- Open style- Flares slightly around the waistBlue Sky fit guide - true to sizeFabric - 95% Bamboo, 5% Lycra"
Dots Long Jacket,jacket,"{11283,EVERSASSY,F21,Jacket}","Style # 11283 - 07/0872This lovely jacket is the missing piece in your wardrobe. It is great for keeping you warm on chilly days (and from the office air-conditioning), while still looking polished and professional. We love the longer silhouette, large collar and large pockets on the front. Whether your style is more causal or more edgy, the silhouette is figure flattering and easy to style with other pieces in your wardrobe.Style: Light jacketFit: Slightly wideLength: Above the kneeLarge collarFront buttonsLong sleeves with black cuffsLarge elastic front pocketsMachine wash in cold waterComposition: 100% Polyester"
"Mariah Top, Royale, Bamboo",top,"{50%,Basic,""Long Sleeve"",new,Purple,sale,Top}","DescriptionThe Mariah gives you a simple, long-sleeve shirt style with exceptional stretch and comfort. A high, round neckline and full-length sleeves provide a sleek finish across the body. The hemline is slightly rounded and hits right at the hip. Ideal for layering under vests, jackets, and coats. Our Bamboo/Modal blend is light and breathable, ensuring you won't overheat.Features- High, round neckline- Long sleeves- Slightly rounded hemlineBlue Sky fit guide - true to size.Fabric - 50% Bamboo 42% Modal 8% Lycra"
Button Up Gloria Blouse / Indigo,tops,"{Blouses,""Button Ups"",groupbycolor,Shelter,Tops}","Made with beautiful Indigo linen, this top has long puffed sleeves and delicate cuff at the wrist. This collared button up style features U-shaped hem and pleating detail at the back.Details:100% LinenMade in Canada  Lola is 5'7"", bust: 34"" waist: 26"" hips: 35"", wearing a size S "
MYSTIC HOODIE,premium hoodie,"{Galaxy,Nu,Psychedelic,""Sacred Geometry"",Space}","Vibrant all over front &amp; back design100% premium soft-spun polyesterPrint will never fade, crack or wrinkleHandmade with love in North America, just for you!Ships out in 7 - 10 business days."
Beach Bound Tank,tops,"{_tab1_atb-b,_tab2_s-c,_tab_4_s-e,blouse,clothing,""free people"",pink,sale,tops}",Lightweight and super soft textured tank featuring a plunging V-neckline.Adjustable waist tieSmocked detailing65% Polyester30% Rayon5% Spandex
Nike SB x Carpet Company Hoodie (U.S Release only),tops,"{Baltimore,black,blue,carpet,company,exclusive,habibis,hood,hoodie,maryland,""Mens Clothing"",new,""Nike SB"",QS,skate,skateboarding,swoosh,u.s,yellow}","Nike SB x Carpet Company Skate Hoodie in Black and Speed Yellow.This relaxed fitting Nike SB hoodie arrives as part of the brand’s recent collaboration with Baltimore-based Carpet Company.Heavyweight in construction and designed to provide ample insulative coverage to any demanding setting, this non-invasive hooded sweater features cuffed sleeves, a thick-rib elasticated hemline and colour-matched drawcord trims across its deep-set hooded neckline. A dual-entry kangaroo pocket can be found above the waist, whilst the mixed-material fabric ‘Carpet SB’ Swooshed central chest decal plays homage to its namesake and a white-fabric Arabic translation of ‘Nike’ beneath the hood and an embroidered C-star emblem above the right-cuff helps seal this worn-wash hoodie off with an added sense of textural depth.With an endearing appreciation for Baker Skateboards and inspired by their Egyptian heritage, brothers Ayman and Osama Abdeldayem pair with Nike SB to welcome the timely arrival of their latest Carpet Company collection. Based out of Maryland in Baltimore and famed for their innovative approach to cross-cultural aesthetics, Carpet Company is an out-the-box brand with a playfully unique undertone to match.Material: formulated blend of 84% cotton and 16% polyesterMade in China"
Heavy Weight Hoodie,hoodies,"{Hoodies,Mountain}",A Canadian Classic. *FREE shipping on orders over $115*Our cozy heavy weight hoodie (Bunny Hug) is great for evening walks or weekend camping trips. It's true-to-size and complete with a fleece lining. Go up a size if you are wanting some extra cozy vibes.True to size. Check sizing chart for reference.
ABSTRACT GLITCH SWEATSHIRT,premium sweatshirt,"{Nu,Psychedelic}","Vibrant all over front &amp; back design100% premium soft-spun polyesterPrint will never fade, crack or wrinkleLight fleece inner liningHandmade with love in North America, just for you!Ships out in 7 - 10 business days."
"Matt Jacket, Black, Bamboo Fleece",jacket,"{""Bamboo Fleece"",basic,Black,Jacket,Men,regular,Sunny}","Practical layering jacket in soft, breathable bamboo fleece that offers full-coverage and warmth.Blue Sky fit guide - true to sizeFabric - 67% Bamboo, 28% Cotton, 5% Lycra<!--.tb_button {padding:1px;cursor:pointer;border-right: 1px solid #8b8b8b;border-left: 1px solid #FFF;border-bottom: 1px solid #fff;}.tb_button.hover {borer:2px outset #def; background-color: #f8f8f8 !important;}.ws_toolbar {z-index:100000} .ws_toolbar .ws_tb_btn {cursor:pointer;border:1px solid #555;padding:3px}   .tb_highlight{background-color:yellow} .tb_hide {visibility:hidden} .ws_toolbar img {padding:2px;margin:0px}-->"
HEADLINER HOODIE,premium hoodie,{},"Vibrant all over front &amp; back design100% premium soft-spun polyesterPrint will never fade, crack or wrinkleHandmade with love in North America, just for you!Ships out in 7 - 10 business days."
RIVER UFO ABDUCTION HOODIE,premium hoodie,"{Nu,Psychedelic}","Vibrant all over front &amp; back design100% premium soft-spun polyesterPrint will never fade, crack or wrinkleHandmade with love in North America, just for you!Ships out in 7 - 10 business days."
Top - Free People Always Yours Tee,womens top,"{08Apr22,always,cornflower,dried,free,""new arrival"",people,pine,tee,top,womens,yours}","Free People always yours teeYour new go-to tee featured in a classic V-neck silhouette with capped sleeves and exposed seaming throughout for a true lived-in look.52% Cotton, 48% Polyester"
"Ramona Sweater, Snow Leopard, Bamboo Cotton",sweater,"{""Bamboo Cotton"",fw2021,""Grey Zone"",Marie,regular,Sunny,Sweater,White}","Fabric: 50% Bamboo, 50% Cotton"
OUTLOOK T,premium tee,"{Galaxy,Nu,Psychedelic,""Sacred Geometry""}","Vibrant all over front &amp; back design100% premium soft-spun polyesterPrint will never fade, crack or wrinkleHandmade with love in North America, just for you!Ships out in 7 - 10 business days."
Linen Polo Top / Toasted,tops,"{Cordera,groupbycolor,""Knit Top"",Knitwear,""Monica Cordera"",Tops,unisex}","V-polo collar sweater with short sleeves and ribbed details. Made with a light and cool linen blend knit.Details: 50% linen 50% lyocellMade in Spain Lola is 5'7"", bust: 34"" waist: 26"" hips: 35"" wearing a size O/S About the brand:Cordera is about contemporary and minimal designs holding hands with an ethical and sustainable production, 100% made in Spain. Founded in 2008 by two sisters, Mónica and María, the brand strives to create timeless wardrobes curated with pure and minimal designs. The brand is based in Galicia, where all the garments are ethically and carefully created and crafted. "
"Jazz Tank, Magenta, Bamboo",tank,"{20,Bamboo,Red,sale,Sunny,Tank}","DescriptionOur best-selling tank, the Jazz provides comfort through it's design and our soft, Bamboo fabric.The fuller shape of the Jazz Tank is both forgiving and style-ready. Designed so that fabric floats away from the body, creating a softened visual effect and clean finish. A longer hemline in the back provides coverage, and shoulder straps are carefully shaped to hide bras.Features- U-neckline- Wide shoulder straps- A-line shape- Shirt-tail hemlineBlue Sky fit guide - generousFabric - 95% Bamboo, 5% LycraLength Measurements, Top of Shoulder to Bottom of Hemline (cm)XXSXSSMLXL1X2X3X4X65676971737577808284"
Long Sleeve Ruched Top,top,"{Blouse,EVERSASSY,F21,TOP}","Style # 10807 – 03/0816You’ll be a style icon in this lovely ruched top. Featuring a memory collar neckline, gathered drawstring front and long sleeves with ruching and drawstrings, this piece will add a unique and edgy look to your wardrobe. Style: TopFit: StandardLength: HipMemory collarGathered drawstring frontLong sleeves with ruching and drawstringsHand wash in cold waterComposition: 100% Polyester"
"Eric Sweater, Black, 100% Merino Wool",sweater,"{fw2021,Men,regular,Sweater,Wool}",Fabric: 100% Merino Wool
Blouse with Camel Trim,blouse,"{Blouse,Dolcezza}","Style # 70114 – 03/06C0Upgrade your wardrobe basics with a touch of style and comfort. This long sleeve blouse features a classic style, long sleeves and iridescent front buttons. The camel trim is unique and timeless. Showcase your individual; style by styling this top with vibrant coloured pants or tucking it into your favourite dark jeans.Style: BlouseFit: StandardLength: HipLong sleevesClassic collarFront buttonsHand wash in cold waterComposition: 96% Cotton, 4% Elastane"
Lounge Crew / Natural,tops,"{""bare knitwear"",groupbycolor,Knitwear,Tops}","""Designed for year around wear, The Lounge Crew is our all-season pullover. Both breathable and cozy, this medium weight pima cotton crew breathes during the warmer months and keeps you cozy throughout the winter. The simple design and easy to wear shape make the Lounge Crew an easy staple to pull on with anything in your wardrobe and wear on repeat. Matches with the Lounge Pant.""Details:Ethically made in Lima, PeruPairs beautifully with the matching Lounge Pant100% Oeko-Tex Certified Peruvian Pima Cotton.Pre-washed for shrinkageWill relax with wear and re-shape in the washMachine wash separately on a delicate cycle in cold water using a mild soapRe-shape and lay flat to dry on a clean surfaceIf hand washed, use a mild detergent in cool water and lay flat to dry on a towel. Avoid hanging, stretching or ringing out when garment is wet.Jean is 5'2, size 0, wearing XS/S"
TONGUE TWISTER HOODIE,premium hoodie,{},"Vibrant all over front &amp; back design100% premium soft-spun polyesterPrint will never fade, crack or wrinkleHandmade with love in North America, just for you!Ships out in 7 - 10 business days."
Top - Free People Leilani Pullover,womens top,"{02Feb22,combo,cupcake,free,leilani,""new arrival"",people,pullover,top,womens}","Free People Leilani pulloverThe definition of a goes-with-anything essential, this timeless pullover is featured in an oversized, slouchy fit and soft textured knit fabrication with a confetti color printing throughout for added dimension.Wide scoop necklineDropped shouldersExaggerated sleeves"
RAVETIVITY T,premium tee,"{Nu,Psychedelic}","Vibrant all over front &amp; back design100% premium soft-spun polyesterPrint will never fade, crack or wrinkleHandmade with love in North America, just for you!Ships out in 7 - 10 business days."
TRIPPY DYE GLITCH HOODIE,premium hoodie,{},"Vibrant all over front &amp; back design100% premium soft-spun polyesterPrint will never fade, crack or wrinkleHandmade with love in North America, just for you!Ships out in 7 - 10 business days."
"Peachy Tank, Ice Diamonds",tank,"{Blue,Nyoman,Rayon,regular,Tank,Viscose}","DescriptionThe Peachy is light and flowy - the ideal Summer tank! We've gathered the fabric above the bust to create a swinging arc around the body, offering easy cool wear and coverage. A wide neckline frames the face but covers bra straps, and multiple pleats mean the top sits easily on the body. Two front inset pockets add a touch of fun and utility to the tank. The hemline is long enough, falling where you need it, but short enough to not overwhelm the wearer. The result: great proportions that work with all types of bottoms.Features- Wide shoulder straps- Two inset pockets- Multiple for easy wearBlue Sky fit guide - true to size, generous around the bust.Fabric - 100% Plant-based, Wrinkle-resistant Viscose"
Cotopaxi Women's Paseo Travel T-Shirt Terracotta,shirts,"{Cotopaxi,shirts,sportswear,tops,womens}","PASE-S21-TERR-WA super soft, odor-resistant t-shirt that works as the perfect base for mix-and-match outfits on the road, the Paseo features a flattering v-neck cut and boasts a longer, more elegant length. Side venting boosts the tee’s breathability, and a Polygiene® anti-odor finish keeps the Paseo smelling and feeling fresh between washes. Made from a quick-drying blend of 80% recycled polyester and 20% TENCEL™, the Paseo keeps you feeling comfy on day trips, waterfall hikes, plane rides, and everything in between.FeaturesQuick dryV-neckLonger length with side ventingSpecs80% recycled polyester/20% TENCEL™Polygiene® anti-odor finish"
Johnny Cash Martin Guitar Tour Tee,tops,"{_tab1_daydreamer-sizing,_tab2_atb-daydreamer,_tab3_care-daydreamer,blouse,clothing,daydreamer,tops,white}","In the early 70s, Martin Guitar was asked to design an all black lacquered D-35 fit for the “Man in Black.” Cash and his well-known guitar went on to jam on stage for the next 20 years. Now, a wildly popular commodity with newly released renditions of the guitar, the Johnny Cash Martin Guitar Tour Tee takes a country spin on Cash’s famous tool of the trade featuring red flocking and a classic vintage blindstitch."
Top - Dex Mixed Marl Cardigan Sweater,womens top,"{1927251,27Jan22,cardigan,dex,marl,mixed,""new arrival"",rainbow,sweater,top,womens}",Dex mixed marl cardigan sweaterAcrylic
Two Tie For You Brami,tops,"{_tab1_free-people-sizing,_tab2_atb-free-people,_tab3_care-free-people,blouse,clothing,free-people,tops}",Ultra cute brami featuring a front tie design with button closures.100% Polyester
DEEP TABOO MERKABA HOODIE,premium hoodie,"{Dark,Nu,Psychedelic,""Sacred Geometry""}","Vibrant all over front &amp; back design100% premium soft-spun polyesterPrint will never fade, crack or wrinkleHandmade with love in North America, just for you!Ships out in 7 - 10 business days."
YANTRA SLEEVELESS HOODIE,premium sleeveless hoodie,"{Psychedelic,""Sacred Geometry""}","Vibrant all over front, back &amp; hood design100% premium soft-spun polyResistant to wrinkles, shrinking, abrasion and mildewPrint will never fadeHandmade with love in North America, just for you!Ships out in 7 - 10 business days."
Brooks Men's Distance Graphic Short Sleeve Indigo Rush Altitude Print,shirts,"{brooks,mens,shirts,sportswear,tops}","211320406Super soft, quick-drying fabric plus bright style equals a performance running T-shirt that can carry you through the rest of your day.BEST FOR…All day wearLayeringSeasonal graphicsFEATURESModern fitQuick dryingSustainably madeSPECSSemi-fittedUPGRADED CLASSICModern FitThe updated design features ribbing around the neckline to prevent the fabric from stretching out.HARD RUN? NO SWEAT.Quick dryingThe sweat-wicking, quick-drying fabric keeps you comfortable during your workout.EARTH-FRIENDLY DESIGNSustainably madeThis top just keeps getting better. It’s made from 88% recycled materials for lighter environmental impact.Made with recycled fabric equal to eleven plastic water bottles."
Candy Jacket,blazer,"{Blazer,Dolcezza,Jacket}","Style # 20201 – 07/07B3This unique jacket is great for layering and features a lapel collar design, a blazer style and long sleeves. Simple and refined, this jacket strikes the right balance between comfort and style.Style: BlazerFit: StandardLapel collar with rhinestonesFront zipperFront pocketsLong sleevesHand wash in cold waterComposition: 95% Cotton, 5% Elastane"
"Winlaw Sweater, Black, Cashmere",sweater,"{Black,Cardigan,Cashmere,""Charcoal Zone"",fw2021,regular,Sweater,Wool}","DescriptionYour favourite classic cardigan style is now available in luxurious Cashmere. The Winlaw Sweater has a slightly boxy fit, with button closures that create a V-neckline. Small slits on either side of the hip ensure no stretching or pulling. The Winlaw is warm enough to wear on its own but thin enough for layering too.Features- Button closure- Ribbing at cuffs and waistBlue Sky fit guide - true to size.Fabric: 90% Wool, 10% Cashmere<!--.tb_button {padding:1px;cursor:pointer;border-right: 1px solid #8b8b8b;border-left: 1px solid #FFF;border-bottom: 1px solid #fff;}.tb_button.hover {borer:2px outset #def; background-color: #f8f8f8 !important;}.ws_toolbar {z-index:100000} .ws_toolbar .ws_tb_btn {cursor:pointer;border:1px solid #555;padding:3px}   .tb_highlight{background-color:yellow} .tb_hide {visibility:hidden} .ws_toolbar img {padding:2px;margin:0px}-->"
LINE ELowen Knit Tank in Blue Topaz,blouses and tops,"{Blouse,LINE,""LINE THE LABEL"",Top,Women's}",The ELOWEN knit tank is crafted from a lightweight recycled cotton blended yarn and features a slim fit and flattering high neckline.73% RECYCLED COTTON 19% ACRYLIC 3% NYLONDry CleanModel is 5'9 and is wearing a size Small
Nike Men's Nike Dri-FIT Miler Running Top Sangria,shirts,"{mens,nike,shirts,sportswear,tops}","CU5992-610LIGHT AND MOBILE.Take on your daily route with the Nike Dri-FIT Miler Top. It features lightweight performance and mobility for the entry-level runner. This product is made with at least 50% recycled polyester fibers.Ventilated FlowAll-new materials made of crimped yarn create airflow to help keep you cool. The soft feel helps cuts down on chafing during your runs.Keep It MovingThe seams at the shoulders are rolled back to help your arms move freely. A curved hem extends coverage in the back while hem vents keep you mobile.Dri-FIT technology helps you stay dry, comfortable and focused. More Details Standard fit for a relaxed, easy feelLow-profile back neck tape“NIKE RUNNING” on neck tapeReflective elements100% polyesterMachine washImportedNot intended for use as Personal Protective Equipment (PPE)100% POLYESTER"
THE VOID V2 HOODIE,premium hoodie,{},"Vibrant all over front &amp; back design100% premium soft-spun polyesterPrint will never fade, crack or wrinkleHandmade with love in North America, just for you!Ships out in 7 - 10 business days."
NEON MANDALA SWEATSHIRT,premium sweatshirt,"{Galaxy,Nu,Psychedelic,Space}","Vibrant all over front &amp; back design100% premium soft-spun polyesterPrint will never fade, crack or wrinkleLight fleece inner liningHandmade with love in North America, just for you!Ships out in 7 - 10 business days."
"Jazz Tank, Teal, Bamboo",tank,"{Bamboo,basic,basic2022,regular,Sunny,Tank,Teal}","DescriptionOur best-selling tank, the Jazz provides comfort through it's design and our soft, Bamboo fabric.The fuller shape of the Jazz Tank is both forgiving and style-ready. Designed so that fabric floats away from the body, creating a softened visual effect and clean finish. A longer hemline in the back provides coverage, and shoulder straps are carefully shaped to hide bras.Features- U-neckline- Wide shoulder straps- A-line shape- Shirt-tail hemlineBlue Sky fit guide - generousFabric - 95% Bamboo, 5% LycraKyla is 5' 6"" and wears size XS.Length Measurements, Top of Shoulder to Bottom of Hemline (cm)XXSXSSMLXL1X2X3X4X65676971737577808284"
SHROOMZ SWEATSHIRT,premium sweatshirt,"{Narcotics,Nu,Psychedelic}","Vibrant all over front &amp; back design100% premium soft-spun polyesterPrint will never fade, crack or wrinkleLight fleece inner liningHandmade with love in North America, just for you!Ships out in 7 - 10 business days."
Original Oui Tee / Iris,tops,"{""Clare V."",groupbycolor,Tops}","Meet the extra soft Original Oui Tee. Sitting at the waist, it pairs perfectly with your favourite jeans. Details:100% cottonPreshrunkMade in Los Angeles, CaliforniaKatelyn is 5'6"", size 2/4 wearing a size S About the brand:After noticing a lack of functional yet stylish laptop cases while working as a journalist for French TV, Clare decided to create her own line of handbags and accessories. Over time, Clare’s been able to cultivate an identifiable aesthetic that's all her own and has been recognized worldwide by influencers, tastemakers, celebrities and bloggers, who support and wear the line. Clare’s strong connection to France, where she spends a significant amount of time each year with her French husband and son, remains at the core of the brand, with signature elements visible within every collection."
WORD IS WORLD SPORTS BRA,sports bra,"{Nu,Psychedelic}","Vibrant all over front &amp; back design100% premium soft-spun stretchy poly for comfortResistant to wrinkles, shrinking, abrasion, and mildewPrint will never fadeHandmade with love in North America, just for you!Ships out in 7 - 10 business days."
Scoop Me Up Racerback,default,"{""free people"",tanks,tops,womens}","So comfy, formfitting racerback bra featured in a ribbed design with a plunging V-neckline and a skinny T-style racerback.Easy stretch fitLongline silhouettePullover style"
Triblend V-Neck,default,"{mens,""national standard"",""s/s t"",tops,white}","TRI-BLEND V-NECK IN WHITE IS A SLIM FIT T-SHIRT IN A SOFT TRI-BLEND FABRIC. THE ORIGINAL BASIC, BACK BY POPULAR DEMAND.50% POLY 38% COTTON 12% RAYONWEARS AND WASHES WELLRIBBED COLLARTWO NEEDLE TOP STITCH FINISHMODEL IS 6'2 AND IS WEARING A SIZE MEDIUM"
ABSTRACT WAVES BLACK STRING BIKINI TOP,black string bikini top,"{Nu,Psychedelic}","Vibrant all over designPremium 4-way stretch polyester/spandexPrint will never fade, crack or wrinkleUltra stretchy comfort stringsHandmade with love in North America, just for you!Ships out in 7 - 10 business days."
BEES SWEATSHIRT (Clearance),ready to ship,"{""Ready To Ship""}","This item is already made and ships out within 5 business days.Out of your size? Don't worry, order HERE100% soft-spun premium polyesterVibrant all over front &amp; back print Fade, crack &amp; wrinkle resistantLight fleece liningOur sweaters are made with love one at a time,Cut, sewn &amp; hand finished.. just for you!"
ACID GORILLA HOODIE,premium hoodie,"{Animals,Nu,Psychedelic}","Vibrant all over front &amp; back design100% premium soft-spun polyesterPrint will never fade, crack or wrinkleHandmade with love in North America, just for you!Ships out in 7 - 10 business days."
"Lounge L/S Boat Neck "" Lightweight Rib"" / Black",tops,"{groupbycolor,stateside,tops}","Lightweight rib lounge boatneck. Designed with a slight v boat neckline and form fitting shape.Details:50% Supima, 50% micromodalMade in the USANykita is 5'7, size 2/4, wearing a small"
Check On It Wrap Top,tops,"{_tab1_free-people-sizing,_tab2_atb-free-people,_tab3_care-free-people,blouse,clothing,free-people,tops}","In a wrap-style silhouette with a surplice neckline, this long sleeve top features an allover pleated design.Hook front closureCinched sleevesDraped design19% Nylon, 81% ViscoseDry Clean Only"
TRIPZY LEARY	ZIP UP HOODIE (Clearance),ready to ship,"{""Ready To Ship""}","This item is already made and ships out within 5 business days.Out of your size? Don't worry, order HERE100% soft-spun premium polyesterVibrant all over front &amp; back print Fade, crack &amp; wrinkle resistantFront pocket, strong zipper &amp; soft inner hood liningOur zip-hoodies are made with love one at a time,Cut, sewn &amp; hand finished.. just for you!"
Rolling Stones Shrunken,default,"{22q1,daydreamer,""s/s t"",tops,woman,womens}","You have the original, but what about the remastered edition? Reissuing our top selling Rolling Stones tongue and lips graphic, this teeny tee has the authentic Y2K fit and feel you’re after. Back and better than ever, the 2.0 version has smaller sleeves and a shrunken body that hits right at the hips. Style it with a pair of loose-fitting jeans, pleated skirt, or denim cut-offs – it’s a versatile option for your wardrobe and suits just about everything."
DRAGONS ONLY LOOSE DROP SHOULDER GRAPHIC CROP T,graphic croptee,"{Animals,Nu,Psychedelic}","Soft DTG print100% Airlume combed and ring-spun cottonSmall chest print/large back print with sleeve logoRelaxed fit with Oversized sleevesHandprinted with love in the USA, just for you!Ships out in 2 - 5 business days. Size guide SMLLength (inches)19 ½20 ⅜22Chest (inches)20 ¼21 ¾23 ¾"
"Now Tunic, Lipstick Curls, Batik Art",blouse,"{50%,Black,Blouse,fw2020,""Lipstick Zone"",""Long Sleeve"",Lynn,Rayon,Red,sale,Top,Tunic,Viscose}","DescriptionLive in the Now...trust us, you will be when wearing this tunic.The Now has the style of a blouse, with plenty of coverage. An A-line shape tapers away from the body, ending in a slight shark-bite hemline at high thigh. Long sleeves make slipping on coats a breeze, plus a button up front and two pockets add functionality. The collar is slim and can be worn flipped up or down.Makes for a stunning statement piece when paired with black leggings or pants, and is easy to dress up with jewelry and shoes.Features- A-line shape- Long sleeves- Button-up front- Two front pocketsBlue Sky fit guide - true to size.Fabric - 100% plant-based Rayon<!--.tb_button {padding:1px;cursor:pointer;border-right: 1px solid #8b8b8b;border-left: 1px solid #FFF;border-bottom: 1px solid #fff;}.tb_button.hover {borer:2px outset #def; background-color: #f8f8f8 !important;}.ws_toolbar {z-index:100000} .ws_toolbar .ws_tb_btn {cursor:pointer;border:1px solid #555;padding:3px}   .tb_highlight{background-color:yellow} .tb_hide {visibility:hidden} .ws_toolbar img {padding:2px;margin:0px}-->"
Vintage Suede Brown Jacket,Not mention,{},"S/m, Suede"
Women's Tempo Hoodie UPF 50+,shirts and tops,"{Hoodies,Tops,Women}","The Tempo Hoodie is the UPF 50+ activewear you've been looking for! It has thumbholes, a kangaroo pocket, and a hood for when the sun is too hot or you forgot your hat. Our Fitness Hoodie is made out of our Active Athlon fabric with the added bonus of our Cooltect™ technology. You can be active in this fitted Fitness Hoodie without getting uncomfortably hot. So go ahead and enjoy sun-safe biking, walking, running and so much more!Highlights:UPF 50+Raglan long sleeves with thumbholesWelt kangaroo pocketHoodedActive Athlon™ fabric: Lightweight and breathable with moisture wicking for quick dry performanceCooltect™ technology accelerates moisture wicking to keep you cooler and more comfortable"
Don’t Panic Graphic Tee,Not mention,{},For our herb-friendly people. Custom bleach dyed to give it a bit of uniqueness.Fits Medium
SUGAR HIGH PANDA CROPTOP,croptop,"{Animals,Funny,Nu}","Vibrant all over front &amp; back design100% premium soft-spun polyesterPrint will never fade, crack or wrinkleHandmade with love in North America, just for you!Ships out in 7 - 10 business days."
Vintage 90s Varsity Jacket,Not mention,{},"Size SmallFits slightly oversizedVintage from the 1990sDisclaimer: Not all clothing fits the model wearing the item, sometimes clothing clips are used. Digital electronics may alter the true colour of a product. Items are vintage and/or second hand."
"Margorie Top, Stained Glass, Bamboo",top,"{""3/4 Sleeve"",50%,Bamboo,Blue,""Earth Zone"",marjorie,sale,ss2021,Sunny,Top}","DescriptionSlim-fitting style, in a chic 3/4 sleeve top.The Margorie has a trim fit in shoulders, falling into a shorter cut, with ease at hips. A high, round neckline creates a smooth finish on the body, and simplifies layering. 3/4 length sleeves make for an elegant look, allowing this top to be worn with everything from simple pants to a skirt for a night out. Just add a string of pearls and you're all set! (4C3) Features- High, round neckline- 3/4 length sleeves- Hem falls to high hipBlue Sky fit guide - true to sizeFabric - 50% Bamboo, 42% Modal, 8% Lycra<!--.tb_button {padding:1px;cursor:pointer;border-right: 1px solid #8b8b8b;border-left: 1px solid #FFF;border-bottom: 1px solid #fff;}.tb_button.hover {borer:2px outset #def; background-color: #f8f8f8 !important;}.ws_toolbar {z-index:100000} .ws_toolbar .ws_tb_btn {cursor:pointer;border:1px solid #555;padding:3px}   .tb_highlight{background-color:yellow} .tb_hide {visibility:hidden} .ws_toolbar img {padding:2px;margin:0px}--><!--.tb_button {padding:1px;cursor:pointer;border-right: 1px solid #8b8b8b;border-left: 1px solid #FFF;border-bottom: 1px solid #fff;}.tb_button.hover {borer:2px outset #def; background-color: #f8f8f8 !important;}.ws_toolbar {z-index:100000} .ws_toolbar .ws_tb_btn {cursor:pointer;border:1px solid #555;padding:3px}   .tb_highlight{background-color:yellow} .tb_hide {visibility:hidden} .ws_toolbar img {padding:2px;margin:0px}-->"
Quilt Liner Jacket,coats + jackets - shoulder season,"{Carleen,""Coats + Jackets"",groupbycolr}","Inspired by the classic quilted nylon army liner, this jacket is made from one-of- a kind salvaged vintage quilts, with black linen trim and front snap closure.""This jacket features one of a kind textiles that we hand picked. They may include wear, distress, marks, and other signs of age intentionally as we believe this adds to the character of the finished garment.""Photos show each jacket in order of size from small to largeDetails:Made from Vintage textiles and linen trimMade in LADry-cleaning recommended"
Women's Accelera Tee UPF 50+,shirts and tops,"{Shirts,Women}","Our moisture wicking shirt is engineered to keep up with your active lifestyle! Packed with high-performance features and sporty design details, this UPF 50+ hi lo top feels just as good on the inside as it performs outside!Highlights:UPF 50+Crew necklineFlatlock seams to reduce chaffingSleeve opening wraps to create a thumbhole and give extra hand coverageHigh-low hem with overlapped side panels for ease of movementRaglan sleevesCross-over pleat at yoke for a relaxed look and feelAntimicrobial protection infused at the fiber level prevents the growth of 99.9% of bacteria to help eliminate odor.Cooltect™ technology accelerates moisture wicking for a cooler workoutActive Athlon™ fabric: Lightweight and breathable with moisture wicking for quick dry performanceActive Athlon™ FabricOur Active Athlon fabric is engineered for cutting-edge performance and comfort, including our exclusive Cooltect™ technology that accelerates moisture wicking for a cooler workout and an antimicrobial finish that helps keep the fabric fresh. It’s soft, lightweight, breathable, moisture wicking and quick dry to keep you active all day."
Amita Knit Tank,default,"{21q3,amuse,tanks,tops,womens}",The basic you didn't know you needed. The Amita Knit is a trendy sweater knit tank in the perfect deep-v cut.
Anne Cole Ladies twist front top,Not mention,{},Anne Cole twist front topmulti
FUTURE MANDALA TANKTOP,premium tanktop,"{Nu,Psychedelic,""Sacred Geometry""}","Vibrant all over front &amp; back design100% premium soft-spun polyesterPrint will never fade, crack or wrinkleHandmade with love in North America, just for you!Ships out in 7 - 10 business days."
OVERSIZED TWO POCKET CARDIGAN - MOCHA,cardigan,"{""double pocket"",gastown,hooded,mens,mocha,oversized,sweaters}","Our best selling cardigan is back!  Don't miss out!Chunky and cozy scarf neck hooded cardigan with pockets in mocha colour.60% ACRYLIC, 30% SPANDEX, 10% POLYESTER"
Space Jam Vintage Tee,Not mention,{},Medium 
"Cameron Sweater, Deep Blue, Bamboo Cotton",sweater,"{""Bamboo Cotton"",basic,basic2022,Blue,regular,Sunny,Sweater}","DescriptionWe have the ultimate mock neck sweater. The Cameron is sleek and functional, providing a good base for accessories or other layers. Our Bamboo/Cotton fabric is temperature-regulating, ensuring you won't overheat. Thanks to a superb fit, the Cameron can be worn with a wide variety of other garments. Truly a versatile piece!Features- Mock neck- Ribbing at neckline and cuffs- Slim fittingBlue Sky fit guide - true to size.Fabric - 50% Bamboo, 50% CottonHelen is 5'8"", and wears size XS."
Vintage Yellow Work Jacket,Not mention,{},M
Basic Tee / Terracotta,tops,"{groupbycolor,Jungmaven,Tops,unisex}","""The lightest weight relaxed fit shirt you'll wear all summer long. Here's a shirt that ventilates and breaths, it makes you feel good just wearing it. If there's a base layer tee that could be worn under anything, it's the Basic Tee. Yoga in the Garden and on a Summer Morning Shirt.""Details:30% hemp, 70% organic cottonMade in USAChad is 6'4, typically wears an XL , and is wearing an XL"
Salomon Men's Agile FZ Hoodie Goji Berry,jackets,"{Jackets,mens,salomon,sportswear,tops}","LC1494500The breathable, hooded jacket that protects you on the trail.With reinforced, water-repellent fabric on the torso and more breathable materials elsewhere, the AGILE FZ HOODIE actively protects you from the elements. The elastic toggle-free hood, reflective trim, zipped pockets and stretchy fabric provide comfort and practicality wherever the trail takes you.BENEFITSWeather protection: Reinforced fabric on the body and back protects your core and repels moisture, while the smart, toggle-free elastic hood adds an extra layer protection.Breathable: Engineered with breathable fabric, this jacket helps you manage your body temperature and prevent overheating.Active comfort: The pared-down design and stretchy fabric make it easy to move, however far or fast you want.FEATURES4-way stretch: The fabric stretches in all 4 directions with the support of elastic yarns.Air vent system: Salomon air vents are easy to open, allowing maximum air flow.NEED-TO-KNOW INFORMATIONBody: 100% Polyester; Body insert: 88% Polyester, 12% ElastaneRegular fit"
Ted Baker London Linen Blend Charcoal Sport Jacket,suits and sport jackets,"{Men's,""Sport Jacket"",Suit,""Ted Baker""}","This sport jacket by Ted Baker London features a contemporary look a lightweight fabric. The patch pockets and soft shoulder give this sport jacket a sporty look, making it easy to wear casually with light wash jeans. The style and colour are timeless, making it a great jacket for any wardrobe. Linen BlendMade in CanadaTed Baker Tailored FitTwo Button, Notch LapelDouble Vented1/4 Lined, Soft ConstructionDry Clean Only "
Patrick Assaraf Pima Cotton Printed T-Shirt in Blue,t-shirts and polos,"{Men's,""Patrick Assaraf"",T-Shirt}",Patrick Assaraf takes their iconic pima cotton stretch jersey and print it with sophisticated patterns to create a fun summer t-shirt. It is a comfortable fit and pairs superbly with understated trousers or shorts.95% pima cotton 5% spandexPrintedModern FitCrewneckMade in peru Machine wash - tumble dry 
Winslow,default,"{21q3,""gentle fawn"",shackets,tops,womens}","The Winslow jacket is the perfect transitional piece. The unique colour is achieved through garment dyeing, which gives it a soft, lived in look and feel. It features welt and patch pockets and a cinched back detail for a casual look."
Walk In The Park,tops,"{_tab1_free-people-sizing,_tab2_atb-free-people,_tab3_care-free-people,beige,blouse,canvas,clothing,cream,free-people,ivory,sale,tops}","Stun out in this timeless, button-front top with lace-adorned ruffle top detail for added dimension.¾ sleevesUneven bottom hemPleating at shouldersCare/ImportMachine Wash Cold GentleMeasurements for size smallBust: 48.5 inLength: 24.75 inSleeve Length: 14.5 in"
DENIM JACKET - TIE DYE,denim jacket,"{""blazers jackets coats"",denim,jacket,ss22,""tie dye"",victorious}",Men's denim jacket in Tie Dye colour. An original piece to add to your wardrobe. Button closuresButtoned chest pocketsSide slit pocketsLong sleeveClassic fit 100% Cotton DenimModel is 6’2” /  wears a size M
THE GIFT SPORTS BRA,sports bra,"{Galaxy,Nu,Psychedelic,""Sacred Geometry"",Space}","Vibrant all over front &amp; back design100% premium soft-spun stretchy poly for comfortResistant to wrinkles, shrinking, abrasion, and mildewPrint will never fadeHandmade with love in North America, just for you!Ships out in 7 - 10 business days."
